{
    "now": "2022-07-10T16:27:26.132Z",
    "perfNow": 8047016.400000095,
    "diagnosticCorrelation": "a5f1ea02-c95d-4866-abfd-9405fd027955",
    "source": "DownloadSupportFiles",
    "environment": {
        "productName": "adf",
        "buildVersion": "1.0.070822.3",
        "environmentType": 3,
        "resourceName": "siladityaADF",
        "resourceRegion": "eastus2",
        "resourceGroup": "RG_Siladitya",
        "subscriptionId": "53876ee7-1bb8-4d42-90af-4966dff028e7",
        "sessionId": "v45UF",
        "operationId": "65E50",
        "gitType": "GitHub"
    },
    "additionalInfo": {
        "selectedResource": "pipeline1",
        "selectedResourceType": "pipeline"
    }
}