{
    "name": "dataflow1",
    "properties": {
        "type": "MappingDataFlow",
        "typeProperties": {
            "sources": [
                {
                    "dataset": {
                        "referenceName": "DelimitedText2",
                        "type": "DatasetReference"
                    },
                    "name": "source2"
                },
                {
                    "dataset": {
                        "referenceName": "DelimitedText3",
                        "type": "DatasetReference"
                    },
                    "name": "source3"
                }
            ],
            "sinks": [
                {
                    "dataset": {
                        "referenceName": "DelimitedText4",
                        "type": "DatasetReference"
                    },
                    "name": "sink1"
                }
            ],
            "transformations": [
                {
                    "name": "join1"
                },
                {
                    "name": "select1"
                }
            ],
            "scriptLines": [
                "source(output(",
                "          Id as string,",
                "          Correlationid as string,",
                "          Operationname as string,",
                "          Status as string,",
                "          Eventcategory as string,",
                "          Level as string,",
                "          Time as string,",
                "          Subscription as string,",
                "          Eventinitiatedby as string,",
                "          Resourcetype as string,",
                "          Resourcegroup as string",
                "     ),",
                "     allowSchemaDrift: true,",
                "     validateSchema: false,",
                "     ignoreNoFilesFound: false) ~> source2",
                "source(output(",
                "          Id as string,",
                "          Correlationid as string,",
                "          Operationname as string,",
                "          Status as string,",
                "          Eventcategory as string,",
                "          Level as string,",
                "          Time as string,",
                "          Subscription as string,",
                "          Eventinitiatedby as string,",
                "          Resourcetype as string,",
                "          Resourcegroup as string",
                "     ),",
                "     allowSchemaDrift: true,",
                "     validateSchema: false,",
                "     ignoreNoFilesFound: false) ~> source3",
                "source2, source3 join(source2@Id == source3@Id,",
                "     joinType:'inner',",
                "     matchType:'exact',",
                "     ignoreSpaces: false,",
                "     broadcast: 'auto')~> join1",
                "join1 select(mapColumn(",
                "          Id = source2@Id,",
                "          Correlationid = source2@Correlationid,",
                "          Operationname = source2@Operationname,",
                "          Status = source2@Status,",
                "          Eventcategory = source2@Eventcategory,",
                "          Level = source2@Level,",
                "          Time = source2@Time,",
                "          Subscription = source2@Subscription,",
                "          Eventinitiatedby = source2@Eventinitiatedby,",
                "          Resourcetype = source2@Resourcetype,",
                "          Resourcegroup = source2@Resourcegroup",
                "     ),",
                "     skipDuplicateMapInputs: true,",
                "     skipDuplicateMapOutputs: true) ~> select1",
                "select1 sink(allowSchemaDrift: true,",
                "     validateSchema: false,",
                "     partitionFileNames:['output.csv'],",
                "     umask: 0022,",
                "     preCommands: [],",
                "     postCommands: [],",
                "     skipDuplicateMapInputs: true,",
                "     skipDuplicateMapOutputs: true,",
                "     partitionBy('hash', 1)) ~> sink1"
            ]
        }
    }
}